{
  "prefix_length": 30.0,
  "t_max": 2000.0,
  "reference_grid_dt": 5.0,
  "n_test_samples": 100,
  "seed": 12345,
  "parameterization": "unified_E0_g_per_L_k_d",
  "parameter_metrics": {
    "E0_g_per_L": {
      "ML_MAE_mean": 0.1719764868632833,
      "ML_MAE_std": 0.12493070723747533,
      "Fit_MAE_mean": 0.011332998944788406,
      "Fit_MAE_std": 0.03385911591235722
    },
    "k_d": {
      "ML_MAE_mean": 0.001654518129290529,
      "ML_MAE_std": 0.0012497556405750819,
      "Fit_MAE_mean": 0.001312297620306362,
      "Fit_MAE_std": 0.0010113151734596397
    }
  },
  "trajectory_metrics": {
    "ML_RMSE_mean": 0.20145756822045813,
    "ML_RMSE_std": 0.41547628683308985,
    "Fit_RMSE_mean": 0.025654939520568503,
    "Fit_RMSE_std": 0.027090887155125774,
    "ML_R2_mean": -7.55542501914554,
    "Fit_R2_mean": 0.943115262313578
  }
}