{
  "prefix_length": 30.0,
  "forecast_horizons": [
    300.0,
    1000.0,
    2000.0
  ],
  "n_test_samples": 50,
  "parameter_metrics": {
    "activity_scale": {
      "ML_MAE_mean": 0.49956132012035864,
      "ML_MAE_std": 0.3415432309299946,
      "Fit_MAE_mean": 0.6446836944125617,
      "Fit_MAE_std": 0.5652651315896621
    },
    "k_d": {
      "ML_MAE_mean": 0.0011398377205965042,
      "ML_MAE_std": 0.0007079135677761963,
      "Fit_MAE_mean": 0.002344638913991259,
      "Fit_MAE_std": 0.0013058940507063496
    },
    "tau_probe": {
      "ML_MAE_mean": 6.212720350786813,
      "ML_MAE_std": 4.38180265464843,
      "Fit_MAE_mean": 11.692627524826817,
      "Fit_MAE_std": 8.620159697189573
    },
    "pH_offset": {
      "ML_MAE_mean": 0.09617922380484577,
      "ML_MAE_std": 0.050219723108496726,
      "Fit_MAE_mean": 0.06273552261201408,
      "Fit_MAE_std": 0.04210887797853646
    }
  },
  "trajectory_metrics": {
    "300.0": {
      "ML_RMSE_mean": 0.16956782076573268,
      "ML_RMSE_std": 0.09003938323832503,
      "Fit_RMSE_mean": 0.3156660851590164,
      "Fit_RMSE_std": 0.10160776897062473,
      "ML_R2_mean": -0.7577524449872993,
      "Fit_R2_mean": -4.701355738000876
    },
    "1000.0": {
      "ML_RMSE_mean": 0.12777811208641116,
      "ML_RMSE_std": 0.08019285878822531,
      "Fit_RMSE_mean": 0.22798518050508448,
      "Fit_RMSE_std": 0.07093627129838216,
      "ML_R2_mean": -0.31849160507861035,
      "Fit_R2_mean": -3.5003112090415427
    },
    "2000.0": {
      "ML_RMSE_mean": 0.11636026858346245,
      "ML_RMSE_std": 0.0760642482420368,
      "Fit_RMSE_mean": 0.20352051888346243,
      "Fit_RMSE_std": 0.07806806388278546,
      "ML_R2_mean": -0.6039138282517008,
      "Fit_R2_mean": -4.374509797227042
    }
  }
}